id,branch
4,EEE
22,EEE
29,ECE
32,CSE
34,EEE
55,CSE
65,EEE
66,ECE
76,ECE
96,EEE
108,EEE
111,ECE
118,EEE
147,EEE
157,CSE
165,EEE
166,ECE
175,ECE
176,ECE
188,EEE
196,ECE
199,ECE
202,ECE
223,CSE
237,EEE
239,EEE
240,ECE
241,ECE
245,ECE
246,ECE
253,ECE
258,ECE
260,EEE
266,ECE
267,ECE
268,EEE
270,ECE
271,EEE
272,EEE
274,EEE
282,ECE
294,ECE
295,ECE
307,ECE
308,ECE
312,EEE
314,ECE
336,ECE
343,EEE
346,ECE
350,CSE
352,ECE
358,CSE
359,EEE
375,EEE
380,CSE
382,CSE
390,ECE
394,ECE
396,ECE
397,ECE
400,EEE
401,CSE
402,ECE
405,EEE
408,ECE
411,ECE
413,ECE
414,EEE
418,CSE
423,EEE
431,CSE
439,CSE
445,EEE
446,ECE
448,ECE
455,ECE
466,EEE
478,EEE
488,ECE
491,CSE
493,ECE
498,CSE
502,EEE
503,ECE
510,ECE
514,CSE
519,CSE
520,ECE
525,ECE
528,EEE
530,EEE
531,EEE
534,CSE
551,ECE
552,ECE
554,CSE
558,EEE
559,ECE
567,EEE
572,CSE
574,ECE
581,EEE
583,ECE
585,CSE
590,CSE
598,ECE
600,EEE
602,EEE
605,ECE
608,ECE
609,EEE
614,ECE
616,EEE
625,ECE
626,EEE
627,ECE
633,EEE
641,EEE
645,ECE
646,ECE
652,CSE
656,EEE
663,ECE
665,EEE
672,EEE
676,EEE
688,ECE
697,ECE
699,ECE
701,ECE
702,CSE
716,CSE
719,EEE
743,CSE
744,CSE
760,ECE
761,CSE
766,EEE
802,EEE
804,EEE
807,CSE
808,ECE
811,ECE
814,EEE
817,EEE
821,ECE
824,EEE
829,EEE
831,EEE
834,ECE
840,CSE
847,ECE
850,CSE
857,CSE
858,ECE
861,ECE
863,EEE
866,ECE
869,ECE
877,EEE
879,EEE
892,ECE
894,CSE
895,ECE
897,ECE
901,ECE
903,CSE
905,EEE
908,CSE
915,EEE
919,EEE
924,EEE
935,ECE
939,EEE
943,EEE
950,EEE
957,ECE
972,CSE
977,ECE
979,CSE
984,CSE
989,ECE
993,CSE
1000,ECE
1003,CSE
1006,ECE
1023,EEE
1024,EEE
1031,EEE
1033,EEE
1035,ECE
1039,ECE
1041,EEE
1060,EEE
1073,ECE
1074,CSE
1084,EEE
1092,ECE
1093,ECE
1094,EEE
1096,EEE
1097,EEE
1098,ECE
1099,EEE
1102,ECE
1104,ECE
1106,ECE
1108,ECE
1117,ECE
1120,ECE
1129,CSE
1134,ECE
1137,EEE
1144,EEE
1146,ECE
1150,ECE
1151,CSE
1167,ECE
1172,ECE
1181,CSE
1185,ECE
1188,ECE
1193,ECE
1194,ECE
1195,ECE
1200,ECE
1205,EEE
1208,ECE
1214,EEE
1215,CSE
1218,CSE
1223,CSE
1233,CSE
1236,ECE
1237,ECE
1249,ECE
1256,EEE
1257,EEE
1259,CSE
1263,ECE
1265,EEE
1269,ECE
1282,ECE
1285,ECE
1286,EEE
1289,ECE
1294,EEE
1296,ECE
1302,ECE
1308,EEE
1311,ECE
1313,ECE
1318,EEE
1323,ECE
1332,ECE
1334,ECE
1346,EEE
1349,CSE
1354,ECE
1357,CSE
1359,ECE
1360,ECE
1361,ECE
1368,EEE
1374,EEE
1375,ECE
1385,ECE
1387,ECE
1399,CSE
1411,CSE
1417,CSE
1418,ECE
1421,EEE
1422,CSE
1426,CSE
1428,EEE
1433,ECE
1441,ECE
1444,ECE
1450,CSE
1454,CSE
1460,ECE
1467,EEE
1469,EEE
1470,EEE
1476,CSE
1479,CSE
1480,ECE
1482,CSE
1484,ECE
1486,ECE
1491,ECE
1493,ECE
1494,ECE
1497,ECE
1507,EEE
1518,EEE
1519,EEE
1520,CSE
1523,CSE
1528,ECE
1542,EEE
1551,CSE
1557,ECE
1561,EEE
1571,EEE
1575,EEE
1576,ECE
1578,EEE
1579,EEE
1593,ECE
1598,CSE
1600,CSE
1603,CSE
1608,ECE
1618,ECE
1628,ECE
1630,CSE
1635,CSE
1647,ECE
1648,ECE
1651,CSE
1653,ECE
1661,ECE
1666,ECE
1668,ECE
1670,EEE
1671,EEE
1672,ECE
1681,CSE
1688,ECE
1692,CSE
1706,ECE
1713,ECE
1717,CSE
1725,EEE
1733,CSE
1753,CSE
1758,ECE
1760,EEE
1763,EEE
1769,ECE
1772,CSE
1773,CSE
1779,CSE
1780,EEE
1783,CSE
1784,EEE
1790,EEE
1791,EEE
1798,CSE
1803,ECE
1806,ECE
1809,ECE
1814,CSE
1816,EEE
1824,EEE
1828,ECE
1834,ECE
1841,EEE
1844,EEE
1856,EEE
1862,EEE
1863,ECE
1865,EEE
1867,ECE
1888,EEE
1893,ECE
1895,ECE
1898,CSE
1904,EEE
1906,ECE
1909,ECE
1911,ECE
1917,ECE
1930,EEE
1940,EEE
1941,ECE
1942,ECE
1944,ECE
1946,EEE
1953,ECE
1962,EEE
1965,EEE
1973,EEE
1977,CSE
1979,EEE
1986,EEE
1988,ECE
1995,EEE
2004,EEE
2005,EEE
2007,ECE
2008,EEE
2009,CSE
2010,ECE
2024,EEE
2025,EEE
2027,EEE
2028,EEE
2032,EEE
2034,ECE
2037,ECE
2038,CSE
2039,EEE
2044,ECE
2050,CSE
2051,EEE
2058,ECE
2070,EEE
2072,ECE
2073,EEE
2075,EEE
2084,CSE
2086,EEE
2095,EEE
2096,ECE
2097,EEE
2101,ECE
2118,ECE
2134,EEE
2137,ECE
2139,CSE
2146,ECE
2147,EEE
2158,ECE
2168,EEE
2169,ECE
2173,ECE
2176,ECE
2178,EEE
2183,EEE
2185,ECE
2191,ECE
2199,ECE
2203,EEE
2204,EEE
2207,EEE
2213,EEE
2214,CSE
2220,EEE
2224,EEE
2234,ECE
2235,EEE
2236,EEE
2249,ECE
2251,ECE
2254,EEE
2259,CSE
2264,EEE
2265,EEE
2269,ECE
2271,ECE
2272,ECE
2276,EEE
2282,ECE
2285,EEE
2292,CSE
2294,ECE
2296,EEE
2305,CSE
2307,EEE
2314,CSE
2324,ECE
2330,ECE
2367,CSE
2375,ECE
2381,EEE
2388,ECE
2389,ECE
2392,CSE
2399,ECE
2402,EEE
2406,EEE
2419,CSE
2428,ECE
2430,EEE
2432,ECE
2437,CSE
2439,ECE
2441,EEE
2442,EEE
2457,CSE
2461,ECE
2462,ECE
2464,CSE
2471,EEE
2477,CSE
2486,EEE
2500,CSE
2502,EEE
2504,ECE
2507,ECE
2516,ECE
2525,ECE
2526,EEE
2542,ECE
2548,ECE
2555,ECE
2556,CSE
2562,EEE
2579,CSE
2586,CSE
2587,ECE
2591,ECE
2599,EEE
2601,EEE
2603,EEE
2612,EEE
2623,ECE
2624,ECE
2626,ECE
2630,ECE
2631,EEE
2637,ECE
2640,CSE
2641,ECE
2642,EEE
2643,ECE
2645,EEE
2657,EEE
2661,EEE
2662,CSE
2674,CSE
2676,CSE
2678,CSE
2686,EEE
2702,ECE
2704,EEE
2707,CSE
2708,EEE
2709,ECE
2713,CSE
2715,ECE
2717,EEE
2718,ECE
2722,CSE
2725,ECE
2732,CSE
2737,ECE
2739,ECE
2741,CSE
2750,CSE
2756,CSE
2763,EEE
2773,CSE
2775,CSE
2778,EEE
2783,ECE
2797,CSE
2804,ECE
2808,CSE
2809,CSE
2810,EEE
2811,ECE
2813,ECE
2818,EEE
2826,EEE
2833,CSE
2845,ECE
2848,ECE
2854,EEE
2863,EEE
2867,EEE
2869,EEE
2872,ECE
2882,EEE
2883,ECE
2884,ECE
2887,CSE
2888,EEE
2889,EEE
2896,CSE
2904,ECE
2905,ECE
2918,EEE
2937,ECE
2940,ECE
2953,ECE
2956,EEE
2960,EEE
2962,EEE
2964,ECE
2972,ECE
2976,CSE
2977,ECE
3001,EEE
3004,ECE
3012,CSE
3019,ECE
3020,CSE
3031,ECE
3034,ECE
3035,ECE
3041,ECE
3043,ECE
3051,ECE
3054,EEE
3063,CSE
3069,ECE
3074,ECE
3087,ECE
3096,ECE
3120,EEE
3124,EEE
3127,CSE
3146,EEE
3147,ECE
3150,ECE
3157,CSE
3159,EEE
3164,ECE
3165,ECE
3167,ECE
3168,EEE
3175,EEE
3181,ECE
3182,EEE
3188,ECE
3197,CSE
3199,CSE
3206,CSE
3209,CSE
3213,ECE
3217,ECE
3221,ECE
3226,CSE
3241,CSE
3247,EEE
3249,CSE
3255,ECE
3277,ECE
3281,CSE
3282,EEE
3285,ECE
3289,EEE
3293,ECE
3296,CSE
3303,ECE
3306,ECE
3310,EEE
3315,ECE
3317,EEE
3320,ECE
3322,ECE
3328,EEE
3335,EEE
3337,EEE
3338,ECE
3353,ECE
3354,CSE
3355,EEE
3358,EEE
3363,EEE
3369,CSE
3370,CSE
3388,ECE
3392,EEE
3393,ECE
3397,ECE
3404,EEE
3410,ECE
3418,EEE
3421,ECE
3436,EEE
3438,CSE
3441,ECE
3447,ECE
3454,ECE
3463,CSE
3465,EEE
3466,EEE
3484,EEE
3485,ECE
3492,EEE
3494,CSE
3501,EEE
3502,CSE
3503,EEE
3511,ECE
3513,EEE
3518,ECE
3521,ECE
3527,ECE
3528,ECE
3532,EEE
3536,ECE
3542,EEE
3545,EEE
3546,CSE
3558,ECE
3565,CSE
3567,ECE
3570,EEE
3573,EEE
3581,EEE
3591,ECE
3593,EEE
3596,ECE
3598,ECE
3600,EEE
3609,ECE
3610,EEE
3611,ECE
3618,ECE
3622,EEE
3625,ECE
3627,ECE
3629,EEE
3630,ECE
3634,CSE
3635,EEE
3637,EEE
3644,EEE
3647,ECE
3648,EEE
3649,ECE
3652,ECE
3655,ECE
3656,ECE
3657,ECE
3663,ECE
3667,ECE
3672,ECE
3677,ECE
3685,EEE
3692,ECE
3694,CSE
3695,ECE
3701,ECE
3705,ECE
3713,ECE
3714,ECE
3718,ECE
3721,EEE
3740,ECE
3747,CSE
3748,EEE
3754,EEE
3772,EEE
3773,ECE
3780,ECE
3791,EEE
3793,ECE
3809,EEE
3819,ECE
3834,ECE
3838,EEE
3841,ECE
3843,CSE
3845,CSE
3855,CSE
3857,CSE
3861,ECE
3870,EEE
3874,EEE
3876,ECE
3877,ECE
3881,EEE
3882,ECE
3886,CSE
3892,EEE
3895,ECE
3900,CSE
3915,EEE
3921,CSE
3937,ECE
3940,ECE
3949,ECE
3952,EEE
3963,CSE
3966,ECE
3969,ECE
3971,ECE
3972,CSE
3986,EEE
3992,EEE
3997,CSE
4003,CSE
4011,ECE
4012,ECE
4014,ECE
4015,EEE
4023,EEE
4024,CSE
4026,CSE
4031,ECE
4042,EEE
4051,EEE
4054,ECE
4058,CSE
4060,CSE
4061,CSE
4064,CSE
4071,ECE
4074,EEE
4078,EEE
4093,EEE
4096,ECE
4117,ECE
4121,CSE
4127,ECE
4128,EEE
4133,ECE
4139,ECE
4140,ECE
4161,ECE
4175,ECE
4180,ECE
4186,EEE
4195,CSE
4201,ECE
4204,EEE
4219,EEE
4222,ECE
4225,ECE
4226,ECE
4232,ECE
4236,EEE
4241,ECE
4252,CSE
4256,ECE
4259,ECE
4272,CSE
4285,ECE
4288,ECE
4291,ECE
4292,ECE
4298,ECE
4299,CSE
4301,ECE
4303,CSE
4308,EEE
4314,EEE
4321,ECE
4331,CSE
4334,ECE
4338,EEE
4343,ECE
4346,ECE
4347,ECE
4352,ECE
4356,CSE
4357,ECE
4364,EEE
4368,EEE
4384,EEE
4388,ECE
4389,CSE
4391,CSE
4392,ECE
4396,ECE
4403,ECE
4405,CSE
4407,ECE
4417,EEE
4423,EEE
4425,CSE
4445,ECE
4446,EEE
4447,ECE
4448,ECE
4451,EEE
4452,CSE
4461,EEE
4463,EEE
4468,ECE
4480,ECE
4483,CSE
4485,EEE
4486,ECE
4496,EEE
4500,ECE
4501,ECE
4504,CSE
4510,ECE
4513,ECE
4515,EEE
4517,ECE
4529,ECE
4530,ECE
4532,ECE
4543,EEE
4556,CSE
4557,CSE
4560,EEE
4562,CSE
4566,ECE
4568,EEE
4582,EEE
4586,EEE
4589,ECE
4590,ECE
4592,ECE
4598,CSE
4603,EEE
4612,ECE
4620,CSE
4624,ECE
4631,EEE
4633,ECE
4636,EEE
4645,EEE
4648,CSE
4653,EEE
4660,EEE
4665,ECE
4676,CSE
4682,CSE
4686,CSE
4687,CSE
4698,CSE
4702,CSE
4705,ECE
4709,CSE
4712,ECE
4730,ECE
4735,EEE
4741,CSE
4744,EEE
4747,CSE
4751,CSE
4760,ECE
4761,CSE
4769,CSE
4772,EEE
4774,EEE
4781,ECE
4782,ECE
4789,CSE
4794,EEE
4796,EEE
4799,ECE
4800,ECE
4802,ECE
4811,ECE
4814,ECE
4820,ECE
4823,CSE
4824,CSE
4829,CSE
4835,ECE
4838,CSE
4847,EEE
4849,EEE
4857,ECE
4863,EEE
4865,CSE
4869,EEE
4870,ECE
4879,ECE
4881,EEE
4897,ECE
4899,EEE
4910,CSE
4913,ECE
4920,ECE
4921,ECE
4924,ECE
4932,CSE
4935,CSE
4936,ECE
4946,ECE
4952,CSE
4954,ECE
4959,ECE
4960,EEE
4964,CSE
4977,ECE
4985,EEE
4989,ECE
4991,ECE
4994,ECE
4995,ECE
4996,ECE
4998,CSE
5004,ECE
5013,EEE
5022,EEE
5024,EEE
5035,CSE
5037,ECE
5038,ECE
5041,EEE
5047,EEE
5055,ECE
5070,EEE
5074,ECE
5075,ECE
5079,EEE
5092,ECE
5095,EEE
5096,CSE
5099,ECE
5102,ECE
5104,ECE
5106,ECE
5110,ECE
5123,EEE
5126,ECE
5133,CSE
5134,EEE
5140,EEE
5144,ECE
5146,EEE
5156,EEE
5167,ECE
5173,ECE
5174,EEE
5176,EEE
5183,ECE
5188,CSE
5193,EEE
5201,ECE
5205,CSE
5211,CSE
5222,EEE
5233,ECE
5240,EEE
5244,ECE
5250,ECE
5258,ECE
5260,ECE
5265,ECE
5268,EEE
5271,ECE
5274,CSE
5277,EEE
5279,ECE
5283,ECE
5290,ECE
5299,CSE
5300,CSE
5304,ECE
5305,EEE
5310,CSE
5313,EEE
5315,ECE
5316,ECE
5318,ECE
5322,CSE
5323,CSE
5327,CSE
5330,ECE
5334,EEE
5338,ECE
5344,CSE
5346,ECE
5348,CSE
5353,EEE
5355,ECE
5357,CSE
5368,ECE
5371,ECE
5376,CSE
5377,EEE
5395,EEE
5396,EEE
5398,CSE
5404,CSE
5408,CSE
5419,ECE
5428,ECE
5430,CSE
5442,ECE
5443,ECE
5455,CSE
5477,EEE
5479,ECE
5482,ECE
5492,EEE
5503,ECE
5516,CSE
5518,EEE
5527,ECE
5530,CSE
5531,ECE
5534,EEE
5551,CSE
5552,ECE
5563,CSE
5570,CSE
5572,ECE
5573,EEE
5574,CSE
5579,ECE
5589,EEE
5592,ECE
5599,ECE
5604,ECE
5605,ECE
5610,EEE
5613,EEE
5622,EEE
5624,EEE
5626,EEE
5632,ECE
5642,EEE
5643,CSE
5661,ECE
5664,ECE
5665,ECE
5666,ECE
5681,ECE
5683,CSE
5684,ECE
5687,EEE
5689,ECE
5690,CSE
5691,EEE
5693,CSE
5697,ECE
5709,EEE
5713,EEE
5722,ECE
5724,EEE
5726,CSE
5728,ECE
5757,EEE
5761,ECE
5764,ECE
5766,CSE
5768,CSE
5779,ECE
5782,ECE
5783,CSE
5786,ECE
5797,EEE
5800,ECE
5809,EEE
5812,EEE
5825,EEE
5826,ECE
5833,ECE
5835,ECE
5839,ECE
5841,CSE
5846,ECE
5847,ECE
5848,EEE
5851,EEE
5853,CSE
5860,EEE
5861,ECE
5869,EEE
5876,ECE
5877,CSE
5879,EEE
5882,CSE
5893,CSE
5895,EEE
5897,ECE
5899,EEE
5912,ECE
5913,EEE
5916,ECE
5931,ECE
5942,ECE
5952,ECE
5968,ECE
5976,CSE
5994,CSE
6012,ECE
6024,CSE
6025,CSE
6030,EEE
6039,EEE
6040,EEE
6041,EEE
6047,EEE
6048,CSE
6053,ECE
6057,CSE
6060,ECE
6064,ECE
6069,ECE
6071,ECE
6075,ECE
6077,ECE
6085,EEE
6088,EEE
6097,ECE
6100,EEE
6104,CSE
6113,ECE
6114,CSE
6117,CSE
6121,EEE
6127,ECE
6133,ECE
6146,EEE
6149,EEE
6158,EEE
6165,ECE
6174,ECE
6176,ECE
6180,CSE
6183,CSE
6189,EEE
6198,ECE
6205,EEE
6210,EEE
6213,EEE
6224,ECE
6225,EEE
6233,ECE
6236,ECE
6242,CSE
6244,CSE
6247,EEE
6250,EEE
6258,ECE
6265,EEE
6281,ECE
6283,ECE
6294,CSE
6297,EEE
6300,ECE
6301,EEE
6303,ECE
6308,ECE
6311,ECE
6318,EEE
6321,EEE
6327,EEE
6335,EEE
6345,EEE
6351,ECE
6357,EEE
6363,EEE
6366,ECE
6368,EEE
6370,EEE
6372,ECE
6391,ECE
6396,ECE
6397,ECE
6404,EEE
6408,ECE
6414,EEE
6415,CSE
6422,CSE
6433,ECE
6438,ECE
6440,ECE
6445,ECE
6451,ECE
6454,EEE
6465,ECE
6468,ECE
6469,EEE
6473,ECE
6478,EEE
6480,ECE
6482,CSE
6498,ECE
6513,CSE
6516,EEE
6519,ECE
6520,EEE
6521,EEE
6525,ECE
6533,CSE
6536,CSE
6541,ECE
6543,CSE
6553,CSE
6555,EEE
6559,EEE
6562,ECE
6574,ECE
6576,ECE
6581,EEE
6582,ECE
6588,ECE
6594,EEE
6599,ECE
6604,ECE
6606,CSE
6614,EEE
6626,EEE
6627,EEE
6629,EEE
6633,ECE
6636,CSE
6643,EEE
6652,CSE
6656,ECE
6657,ECE
6658,ECE
6664,ECE
6667,ECE
6673,ECE
6677,EEE
6680,CSE
6688,CSE
6695,ECE
6702,ECE
6703,CSE
6705,EEE
6706,EEE
6715,ECE
6718,EEE
6720,EEE
6723,EEE
6739,EEE
6741,ECE
6742,CSE
6745,EEE
6753,ECE
6755,ECE
6762,ECE
6763,CSE
6783,ECE
6784,EEE
6789,ECE
6790,CSE
6795,ECE
6818,ECE
6819,EEE
6821,CSE
6830,EEE
6832,ECE
6833,ECE
6837,EEE
6841,ECE
6844,ECE
6847,EEE
6851,ECE
6855,ECE
6878,ECE
6881,CSE
6891,CSE
6892,EEE
6894,ECE
6898,ECE
6899,EEE
6901,CSE
6908,CSE
6913,EEE
6918,EEE
6919,CSE
6921,EEE
6924,EEE
6927,EEE
6931,EEE
6932,EEE
6936,ECE
6938,EEE
6939,EEE
6941,EEE
6946,CSE
6949,EEE
6950,EEE
6951,ECE
6957,CSE
6962,CSE
6968,CSE
6973,ECE
6977,EEE
6979,EEE
6980,ECE
6981,EEE
6987,ECE
6993,ECE
6997,ECE
7012,EEE
7024,EEE
7027,ECE
7029,EEE
7031,ECE
7037,EEE
7038,EEE
7039,ECE
7041,CSE
7046,EEE
7051,CSE
7052,ECE
7070,ECE
7076,EEE
7079,ECE
7083,ECE
7089,ECE
7091,ECE
7096,ECE
7104,EEE
7108,ECE
7119,EEE
7122,CSE
7126,EEE
7133,EEE
7137,CSE
7140,EEE
7146,ECE
7152,ECE
7155,EEE
7156,ECE
7157,EEE
7177,ECE
7185,ECE
7191,ECE
7192,EEE
7196,EEE
7199,ECE
7201,ECE
7203,CSE
7205,EEE
7208,CSE
7209,ECE
7214,EEE
7217,CSE
7219,EEE
7221,ECE
7226,ECE
7230,ECE
7233,ECE
7235,EEE
7236,EEE
7246,ECE
7252,ECE
7259,ECE
7269,ECE
7272,EEE
7278,EEE
7284,CSE
7286,ECE
7287,ECE
7291,ECE
7297,ECE
7320,CSE
7325,ECE
7337,ECE
7341,ECE
7354,ECE
7356,ECE
7359,CSE
7365,ECE
7371,EEE
7373,ECE
7374,EEE
7379,EEE
7380,CSE
7382,ECE
7388,EEE
7390,CSE
7395,ECE
7397,EEE
7409,ECE
7413,EEE
7427,ECE
7437,ECE
7449,ECE
7453,CSE
7455,ECE
7458,ECE
7459,EEE
7464,ECE
7473,ECE
7480,EEE
7485,ECE
7490,ECE
7497,EEE
7500,EEE
7503,CSE
7504,ECE
7505,CSE
7508,CSE
7509,ECE
7512,ECE
7523,CSE
7524,ECE
7531,ECE
7534,ECE
7540,EEE
7542,CSE
7548,ECE
7551,ECE
7565,EEE
7573,EEE
7578,EEE
7588,CSE
7592,ECE
7596,CSE
7597,ECE
7599,CSE
7601,EEE
7610,CSE
7622,EEE
7626,ECE
7627,CSE
7628,CSE
7632,ECE
7637,CSE
7651,ECE
7652,CSE
7680,ECE
7686,ECE
7695,ECE
7701,CSE
7702,EEE
7703,ECE
7708,CSE
7712,CSE
7717,ECE
7725,ECE
7726,EEE
7730,EEE
7731,ECE
7742,EEE
7749,CSE
7755,CSE
7767,EEE
7774,ECE
7777,ECE
7788,ECE
7789,EEE
7795,ECE
7796,CSE
7808,ECE
7810,CSE
7818,EEE
7820,ECE
7827,EEE
7831,EEE
7833,ECE
7835,EEE
7839,ECE
7841,ECE
7844,EEE
7847,CSE
7848,CSE
7852,EEE
7855,ECE
7857,EEE
7862,CSE
7866,CSE
7869,ECE
7876,ECE
7877,ECE
7880,ECE
7893,CSE
7905,EEE
7910,EEE
7932,ECE
7937,CSE
7938,EEE
7943,ECE
7957,EEE
7958,ECE
7971,ECE
7977,EEE
7983,CSE
7993,ECE
7996,EEE
7999,ECE
8013,ECE
8021,ECE
8028,EEE
8031,ECE
8035,CSE
8038,CSE
8043,CSE
8046,CSE
8069,ECE
8071,EEE
8075,ECE
8082,EEE
8087,ECE
8089,CSE
8093,ECE
8097,EEE
8098,ECE
8110,EEE
8114,EEE
8117,ECE
8119,ECE
8123,ECE
8125,ECE
8128,EEE
8135,CSE
8143,ECE
8144,CSE
8147,EEE
8148,ECE
8149,EEE
8156,CSE
8158,EEE
8160,ECE
8168,ECE
8169,CSE
8173,ECE
8183,ECE
8185,ECE
8192,EEE
8201,ECE
8206,EEE
8215,CSE
8221,ECE
8229,EEE
8231,ECE
8236,ECE
8240,EEE
8245,ECE
8250,CSE
8251,ECE
8254,EEE
8259,ECE
8268,CSE
8277,ECE
8292,ECE
8304,CSE
8305,ECE
8312,ECE
8321,CSE
8322,EEE
8324,ECE
8335,ECE
8337,ECE
8338,CSE
8341,CSE
8352,ECE
8357,ECE
8365,CSE
8367,EEE
8378,EEE
8383,ECE
8386,ECE
8391,CSE
8399,EEE
8408,ECE
8440,ECE
8444,ECE
8445,EEE
8450,ECE
8452,EEE
8453,CSE
8463,ECE
8476,ECE
8477,ECE
8479,CSE
8481,ECE
8483,CSE
8491,EEE
8493,ECE
8496,EEE
8498,EEE
8504,ECE
8507,EEE
8519,ECE
8521,CSE
8526,EEE
8527,EEE
8529,EEE
8535,CSE
8539,ECE
8545,EEE
8553,ECE
8566,ECE
8574,ECE
8576,ECE
8577,CSE
8587,ECE
8589,EEE
8593,EEE
8594,EEE
8596,CSE
8612,EEE
8618,CSE
8621,CSE
8622,EEE
8638,CSE
8649,CSE
8652,EEE
8655,ECE
8662,ECE
8669,EEE
8674,EEE
8676,CSE
8680,CSE
8681,ECE
8694,ECE
8700,EEE
8702,EEE
8703,ECE
8711,EEE
8715,EEE
8716,ECE
8718,EEE
8721,EEE
8723,ECE
8725,EEE
8728,EEE
8731,EEE
8735,ECE
8739,EEE
8747,ECE
8755,EEE
8756,EEE
8765,ECE
8770,CSE
8772,EEE
8782,ECE
8787,EEE
8793,EEE
8796,ECE
8800,ECE
8815,ECE
8835,ECE
8836,ECE
8850,CSE
8853,EEE
8855,ECE
8856,ECE
8857,ECE
8861,ECE
8865,CSE
8866,ECE
8910,EEE
8912,ECE
8916,EEE
8933,ECE
8943,EEE
8946,EEE
8949,EEE
8951,ECE
8952,CSE
8956,EEE
8958,ECE
8965,CSE
8968,EEE
8970,EEE
8972,EEE
8974,EEE
8977,ECE
8979,EEE
8981,ECE
8988,CSE
9002,EEE
9003,ECE
9007,EEE
9012,EEE
9018,ECE
9028,ECE
9031,ECE
9037,ECE
9040,EEE
9041,ECE
9047,CSE
9058,ECE
9061,EEE
9067,ECE
9073,ECE
9077,ECE
9086,CSE
9090,ECE
9094,EEE
9098,EEE
9107,ECE
9114,EEE
9123,EEE
9129,CSE
9135,ECE
9140,ECE
9143,ECE
9147,CSE
9155,CSE
9156,ECE
9163,EEE
9165,ECE
9167,ECE
9178,CSE
9183,ECE
9184,CSE
9186,CSE
9189,EEE
9194,CSE
9199,CSE
9205,ECE
9208,ECE
9214,CSE
9221,EEE
9227,CSE
9230,ECE
9233,ECE
9242,EEE
9246,ECE
9250,ECE
9251,ECE
9253,CSE
9257,ECE
9261,ECE
9263,ECE
9265,EEE
9267,EEE
9272,CSE
9273,EEE
9291,EEE
9293,CSE
9294,EEE
9300,EEE
9301,ECE
9304,EEE
9305,ECE
9311,CSE
9318,ECE
9320,CSE
9325,EEE
9328,ECE
9337,EEE
9340,EEE
9348,CSE
9353,EEE
9358,ECE
9361,EEE
9366,CSE
9373,ECE
9375,ECE
9387,ECE
9389,CSE
9399,ECE
9405,ECE
9412,ECE
9421,CSE
9422,ECE
9434,ECE
9445,EEE
9450,CSE
9454,EEE
9456,CSE
9460,ECE
9468,ECE
9471,CSE
9477,CSE
9479,CSE
9482,CSE
9484,EEE
9490,ECE
9496,EEE
9497,ECE
9503,ECE
9504,ECE
9508,EEE
9516,ECE
9520,ECE
9540,ECE
9553,ECE
9554,CSE
9560,ECE
9566,ECE
9569,ECE
9572,EEE
9590,ECE
9593,ECE
9598,ECE
9606,EEE
9608,EEE
9613,ECE
9614,EEE
9625,ECE
9627,EEE
9633,ECE
9634,EEE
9636,CSE
9638,ECE
9642,ECE
9649,ECE
9652,ECE
9653,ECE
9657,EEE
9662,CSE
9685,EEE
9686,ECE
9687,EEE
9692,EEE
9702,ECE
9722,ECE
9735,ECE
9739,EEE
9740,CSE
9743,EEE
9750,EEE
9752,ECE
9753,ECE
9757,EEE
9758,CSE
9764,ECE
9766,ECE
9768,ECE
9771,CSE
9781,ECE
9782,ECE
9789,ECE
9803,CSE
9807,CSE
9809,EEE
9812,ECE
9820,CSE
9825,CSE
9826,CSE
9829,ECE
9835,EEE
9856,CSE
9861,ECE
9863,ECE
9866,ECE
9868,EEE
9872,ECE
9885,ECE
9889,EEE
9892,ECE
9893,ECE
9902,EEE
9903,EEE
9904,CSE
9907,CSE
9912,ECE
9928,ECE
9929,EEE
9938,CSE
9947,CSE
9952,ECE
9953,CSE
9958,ECE
9960,CSE
9961,CSE
9966,ECE
9980,ECE
9985,EEE
9991,EEE
9998,CSE
10000,EEE
10004,ECE
10006,ECE
10008,EEE
10017,EEE
10019,EEE
10021,ECE
10022,ECE
10023,CSE
10024,ECE
10025,CSE
10026,EEE
10031,ECE
10032,CSE
10038,ECE
10039,ECE
10046,ECE
10047,CSE
10050,ECE
10051,EEE
10058,CSE
10059,EEE
10062,ECE
10067,EEE
10071,ECE
10072,CSE
10076,ECE
10093,ECE
10099,ECE
10100,ECE
10121,EEE
10123,CSE
10128,ECE
10130,EEE
10139,ECE
10140,CSE
10144,EEE
10148,EEE
10150,EEE
10155,CSE
10158,ECE
10159,ECE
10162,ECE
10164,ECE
10168,ECE
10169,EEE
10174,ECE
10181,ECE
10182,ECE
10195,CSE
10199,EEE
10211,CSE
10212,ECE
10215,EEE
10226,ECE
10229,EEE
10230,ECE
10232,ECE
10234,ECE
10235,ECE
10236,ECE
10243,ECE
10248,CSE
10254,EEE
10255,EEE
10260,CSE
10266,EEE
10271,ECE
10274,ECE
10277,EEE
10279,EEE
10281,EEE
10283,EEE
10287,EEE
10288,CSE
10298,ECE
10313,EEE
10318,ECE
10340,EEE
10341,ECE
10343,EEE
10345,ECE
10350,ECE
10354,EEE
10360,ECE
10362,ECE
10364,ECE
10365,EEE
10370,EEE
10371,ECE
10376,ECE
10377,EEE
10378,EEE
10386,CSE
10395,ECE
10396,ECE
10398,ECE
10400,EEE
10404,ECE
10406,EEE
10417,ECE
10418,EEE
10419,ECE
10423,ECE
10428,EEE
10437,ECE
10442,EEE
10445,ECE
10447,CSE
10451,ECE
10457,EEE
10460,ECE
10468,ECE
10469,EEE
10470,ECE
10472,CSE
10475,CSE
10478,ECE
10480,ECE
10481,ECE
10483,ECE
10484,ECE
10491,ECE
10492,EEE
10499,ECE
10510,EEE
10516,EEE
10517,CSE
10530,ECE
10531,ECE
10534,ECE
10542,CSE
10546,EEE
10557,EEE
10560,EEE
10561,ECE
10562,CSE
10569,CSE
10577,CSE
10581,ECE
10586,EEE
10589,ECE
10605,ECE
10619,ECE
10620,ECE
10622,CSE
10627,ECE
10628,ECE
10629,ECE
10646,EEE
10647,EEE
10650,EEE
10657,ECE
10662,ECE
10672,ECE
10673,ECE
10676,EEE
10678,CSE
10682,CSE
10687,ECE
10697,ECE
10701,EEE
10702,EEE
10708,EEE
10709,EEE
10710,CSE
10726,EEE
10731,CSE
10734,CSE
10739,ECE
10741,ECE
10748,ECE
10751,ECE
10753,EEE
10755,EEE
10756,EEE
10761,ECE
10762,ECE
10767,CSE
10770,ECE
10783,ECE
10789,ECE
10790,EEE
10792,EEE
10801,EEE
10803,EEE
10809,ECE
10811,ECE
10814,EEE
10816,EEE
10823,ECE
10825,CSE
10826,EEE
10827,CSE
10829,CSE
10842,CSE
10844,CSE
10864,EEE
10866,ECE
10867,ECE
10878,ECE
10880,ECE
10885,ECE
10887,ECE
10891,CSE
10898,EEE
10901,ECE
10909,EEE
10910,EEE
10911,CSE
10914,ECE
10928,EEE
10931,ECE
10939,EEE
10941,ECE
10942,ECE
10944,CSE
10945,EEE
10946,CSE
10960,ECE
10962,EEE
10973,ECE
10974,EEE
10980,ECE
10981,EEE
10982,EEE
10986,ECE
10990,ECE
10991,EEE
11001,ECE
11005,ECE
11006,EEE
11008,EEE
11010,EEE
11015,EEE
11016,CSE
11017,EEE
11021,ECE
11023,ECE
11034,ECE
11036,EEE
11041,CSE
11043,CSE
11051,ECE
11052,CSE
11055,ECE
11057,EEE
11058,EEE
11060,ECE
11062,ECE
11070,ECE
11081,EEE
11098,ECE
11100,ECE
11102,EEE
11103,EEE
11110,EEE
11113,ECE
11114,ECE
11115,ECE
11118,ECE
11122,ECE
11128,EEE
11136,EEE
11141,ECE
11144,ECE
11150,EEE
11152,CSE
11156,ECE
11162,ECE
11163,EEE
11167,EEE
11174,ECE
11181,EEE
11187,EEE
11190,CSE
11195,ECE
11197,ECE
11202,EEE
11203,EEE
11212,ECE
11222,ECE
11250,CSE
11254,EEE
11258,ECE
11261,ECE
11264,EEE
11266,ECE
11267,ECE
11269,EEE
11281,CSE
11287,ECE
11291,EEE
11294,EEE
11299,ECE
11302,EEE
11307,ECE
11315,CSE
11323,CSE
11328,CSE
11333,ECE
11336,ECE
11341,CSE
11348,CSE
11352,EEE
11353,EEE
11356,EEE
11365,CSE
11368,EEE
11381,CSE
11386,ECE
11389,ECE
11390,CSE
11394,CSE
11396,ECE
11399,EEE
11402,ECE
11418,EEE
11420,CSE
11421,ECE
11424,ECE
11431,EEE
11435,EEE
11437,ECE
11443,ECE
11447,ECE
11449,CSE
11453,ECE
11454,EEE
11461,EEE
11463,EEE
11467,ECE
11476,EEE
11480,CSE
11482,ECE
11483,EEE
11495,EEE
11498,EEE
11504,CSE
11508,ECE
11509,EEE
11515,ECE
11517,ECE
11525,CSE
11527,ECE
11534,EEE
11539,CSE
11545,ECE
11546,ECE
11558,ECE
11567,ECE
11571,ECE
11586,ECE
11587,EEE
11590,ECE
11591,CSE
11597,ECE
11601,ECE
11606,ECE
11611,EEE
11621,EEE
11622,EEE
11625,EEE
11627,EEE
11629,CSE
11634,ECE
11637,CSE
11650,CSE
11662,CSE
11666,ECE
11667,ECE
11675,CSE
11677,CSE
11679,ECE
11681,EEE
11682,CSE
11688,EEE
11693,ECE
11697,ECE
11701,CSE
11718,CSE
11719,ECE
11720,CSE
11722,ECE
11724,CSE
11725,ECE
11730,ECE
11731,EEE
11733,EEE
11736,EEE
11741,EEE
11743,ECE
11747,EEE
11748,EEE
11761,EEE
11764,CSE
11778,EEE
11783,EEE
11803,ECE
11808,ECE
11809,ECE
11814,CSE
11824,EEE
11829,ECE
11841,EEE
11843,ECE
11847,CSE
11850,EEE
11852,ECE
11856,ECE
11860,ECE
11863,ECE
11886,EEE
11887,ECE
11889,ECE
11897,EEE
11903,CSE
11906,ECE
11913,ECE
11934,CSE
11935,CSE
11937,ECE
11938,ECE
11943,ECE
11949,EEE
11950,ECE
11951,CSE
11959,EEE
11961,ECE
11969,ECE
11971,CSE
11978,CSE
11980,ECE
11981,ECE
11983,ECE
11994,ECE
12002,CSE
12013,CSE
12014,ECE
12017,ECE
12018,CSE
12021,ECE
12028,CSE
12045,EEE
12051,ECE
12055,ECE
12067,ECE
12069,ECE
12072,ECE
12074,ECE
12077,ECE
12079,ECE
12081,ECE
12086,CSE
12097,ECE
12098,ECE
12102,ECE
12108,ECE
12110,ECE
12120,ECE
12130,ECE
12137,ECE
12143,ECE
12149,ECE
12153,CSE
12155,CSE
12160,CSE
12163,ECE
12165,CSE
12169,ECE
12193,EEE
12196,CSE
12201,ECE
12207,ECE
12210,ECE
12211,EEE
12214,EEE
12228,EEE
12233,EEE
12236,EEE
12237,ECE
12239,CSE
12243,EEE
12247,ECE
12249,EEE
12252,ECE
12256,ECE
12258,EEE
12263,EEE
12266,ECE
12287,CSE
12289,ECE
12291,EEE
12292,ECE
12293,EEE
12295,ECE
12297,EEE
12299,ECE
12300,ECE
12304,EEE
12306,EEE
12310,ECE
12315,ECE
12325,CSE
12329,ECE
12338,ECE
12341,EEE
12355,ECE
12361,CSE
12369,ECE
12373,ECE
12380,EEE
12387,EEE
12397,ECE
12400,ECE
12401,ECE
12413,CSE
12417,ECE
12421,ECE
12427,EEE
12430,ECE
12434,EEE
12439,EEE
12443,ECE
12452,ECE
12458,ECE
12465,EEE
12470,ECE
12472,ECE
12474,ECE
12480,ECE
12488,CSE
12490,EEE
12500,EEE
12507,CSE
12508,ECE
12517,CSE
12519,ECE
12521,CSE
12528,ECE
12529,EEE
12530,ECE
12541,CSE
12544,EEE
12546,ECE
12548,CSE
12551,ECE
12553,ECE
12555,EEE
12556,EEE
12557,CSE
12559,CSE
12567,ECE
12586,ECE
12587,EEE
12588,EEE
12594,EEE
12597,CSE
12599,ECE
12605,ECE
12610,ECE
12613,EEE
12623,EEE
12627,EEE
12633,EEE
12638,EEE
12639,EEE
12640,ECE
12649,CSE
12658,EEE
12659,EEE
12663,ECE
12665,CSE
12669,EEE
12678,ECE
12682,ECE
12684,ECE
12685,ECE
12691,ECE
12700,ECE
12702,CSE
12707,ECE
12713,CSE
12718,ECE
12728,EEE
12730,ECE
12744,EEE
12745,ECE
12752,ECE
12753,EEE
12755,EEE
12757,EEE
12763,EEE
12767,EEE
12770,EEE
12786,ECE
12788,ECE
12797,EEE
12800,ECE
12801,ECE
12810,EEE
12811,ECE
12818,ECE
12821,ECE
12823,CSE
12845,ECE
12849,CSE
12851,EEE
12853,ECE
12855,ECE
12856,CSE
12865,CSE
12868,EEE
12870,ECE
12871,ECE
12873,ECE
12882,CSE
12888,ECE
12892,CSE
12896,ECE
12905,EEE
12907,CSE
12913,CSE
12926,ECE
12929,CSE
12937,CSE
12938,EEE
12944,ECE
12946,EEE
12948,EEE
12959,ECE
12965,EEE
12974,ECE
12982,ECE
12985,CSE
12988,CSE
12989,EEE
13000,EEE
13009,CSE
13015,ECE
13024,EEE
13026,CSE
13029,ECE
13030,ECE
13032,EEE
13035,ECE
13042,ECE
13057,CSE
13068,EEE
13069,ECE
13070,EEE
13082,CSE
13084,ECE
13088,ECE
13089,ECE
13093,EEE
13098,ECE
13099,EEE
13101,EEE
13103,CSE
13104,CSE
13107,ECE
13115,ECE
13128,CSE
13131,CSE
13136,EEE
13138,ECE
13142,ECE
13146,CSE
13148,ECE
13153,EEE
13154,ECE
13158,ECE
13161,EEE
13178,ECE
13182,ECE
13183,CSE
13187,ECE
13200,ECE
13201,EEE
13207,ECE
13210,CSE
13218,ECE
13220,CSE
13222,EEE
13227,ECE
13228,ECE
13231,EEE
13233,ECE
13237,EEE
13240,ECE
13248,EEE
13249,EEE
13258,ECE
13263,EEE
13266,ECE
13277,ECE
13281,EEE
13284,CSE
13292,EEE
13293,ECE
13295,ECE
13307,ECE
13312,CSE
13319,CSE
13325,ECE
13327,ECE
13332,EEE
13334,ECE
13338,CSE
13339,ECE
13340,CSE
13346,CSE
13347,ECE
13356,ECE
13359,EEE
13369,EEE
13373,ECE
13375,CSE
13379,ECE
13380,CSE
13384,EEE
13385,ECE
13386,ECE
13391,EEE
13392,EEE
13394,ECE
13396,EEE
13397,EEE
13409,ECE
13411,EEE
13412,EEE
13418,ECE
13422,CSE
13425,ECE
13428,CSE
13435,ECE
13436,CSE
13442,ECE
13445,ECE
13451,ECE
13461,CSE
13463,ECE
13464,EEE
13467,EEE
13470,ECE
13471,EEE
13474,CSE
13478,EEE
13483,CSE
13487,ECE
13488,ECE
13489,ECE
13491,EEE
13496,EEE
13501,CSE
13503,EEE
13504,EEE
13510,ECE
13511,ECE
13519,ECE
13526,EEE
13527,EEE
13534,EEE
13536,ECE
13538,ECE
13541,EEE
13543,ECE
13547,ECE
13563,CSE
13574,CSE
13577,ECE
13578,CSE
13579,CSE
13581,ECE
13587,EEE
13589,CSE
13593,EEE
13616,CSE
13617,EEE
13619,EEE
13623,ECE
13625,ECE
13633,CSE
13635,EEE
13644,ECE
13648,ECE
13650,EEE
13657,CSE
13658,EEE
13667,ECE
13675,ECE
13684,ECE
13689,ECE
13694,ECE
13708,EEE
13721,EEE
13723,ECE
13738,CSE
13744,EEE
13745,ECE
13756,EEE
13761,EEE
13766,ECE
13769,EEE
13773,ECE
13774,EEE
13777,EEE
13790,ECE
13805,CSE
13810,ECE
13830,EEE
13835,EEE
13838,EEE
13839,CSE
13842,ECE
13843,EEE
13855,EEE
13856,EEE
13860,ECE
13861,ECE
13864,ECE
13865,EEE
13875,EEE
13877,CSE
13888,CSE
13891,ECE
13898,ECE
13899,ECE
13901,EEE
13907,ECE
13908,EEE
13920,EEE
13923,EEE
13929,ECE
13939,ECE
13942,CSE
13956,ECE
13959,ECE
13962,ECE
13963,EEE
13964,ECE
13966,CSE
13972,ECE
13978,ECE
13982,ECE
13988,EEE
13998,ECE
14001,CSE
14002,ECE
14006,CSE
14018,CSE
14021,ECE
14028,EEE
14032,EEE
14040,ECE
14047,ECE
14050,ECE
14053,EEE
14057,EEE
14061,EEE
14063,EEE
14065,EEE
14066,CSE
14069,EEE
14073,EEE
14082,CSE
14086,EEE
14088,EEE
14091,CSE
14092,ECE
14093,ECE
14098,CSE
14100,ECE
14102,ECE
14106,ECE
14109,CSE
14110,ECE
14112,ECE
14114,CSE
14116,ECE
14121,CSE
14124,ECE
14129,EEE
14134,ECE
14135,EEE
14140,ECE
14142,ECE
14145,ECE
14148,ECE
14150,EEE
14154,ECE
14159,EEE
14173,ECE
14181,ECE
14182,ECE
14193,EEE
14194,EEE
14207,EEE
14208,ECE
14210,EEE
14221,ECE
14233,CSE
14235,ECE
14255,EEE
14259,CSE
14260,ECE
14263,EEE
14264,ECE
14266,EEE
14269,EEE
14270,CSE
14290,CSE
14293,EEE
14300,ECE
14310,ECE
14311,CSE
14314,EEE
14315,CSE
14324,CSE
14325,ECE
14326,CSE
14335,ECE
14360,ECE
14364,ECE
14366,ECE
14371,ECE
14372,CSE
14374,CSE
14378,EEE
14380,CSE
14385,ECE
14392,CSE
14397,ECE
14398,CSE
14400,ECE
14401,CSE
14404,CSE
14405,EEE
14410,EEE
14416,CSE
14429,CSE
14434,EEE
14439,EEE
14444,CSE
14446,ECE
14455,EEE
14456,ECE
14460,EEE
14470,ECE
14471,CSE
14473,CSE
14485,CSE
14490,ECE
14503,ECE
14504,EEE
14506,EEE
14507,ECE
14516,EEE
14518,ECE
14521,ECE
14524,ECE
14526,EEE
14527,ECE
14533,CSE
14535,ECE
14536,EEE
14539,CSE
14542,EEE
14548,ECE
14554,ECE
14558,EEE
14563,CSE
14565,EEE
14566,ECE
14567,EEE
14577,EEE
14587,ECE
14589,EEE
14592,ECE
14597,ECE
14599,ECE
14601,CSE
14604,EEE
14611,ECE
14622,EEE
14625,EEE
14626,EEE
14632,CSE
14634,ECE
14637,ECE
14649,EEE
14655,EEE
14660,ECE
14661,EEE
14666,ECE
14667,ECE
14672,EEE
14679,EEE
14686,EEE
14688,CSE
14692,EEE
14704,CSE
14712,EEE
14714,EEE
14721,EEE
14722,ECE
14726,EEE
14727,CSE
14730,EEE
14743,CSE
14749,EEE
14752,ECE
14760,ECE
14761,ECE
14766,ECE
14769,ECE
14770,ECE
14772,EEE
14780,ECE
14792,EEE
14795,ECE
14802,EEE
14804,CSE
14808,CSE
14819,EEE
14823,CSE
14828,ECE
14842,EEE
14846,CSE
14847,EEE
14894,ECE
14902,ECE
14906,EEE
14909,ECE
14912,CSE
14914,CSE
14917,ECE
14924,ECE
14926,EEE
14935,CSE
14941,ECE
14948,CSE
14955,EEE
14964,CSE
14965,CSE
14966,EEE
14975,CSE
14987,ECE
14992,ECE
14995,CSE
15001,EEE
15005,CSE
15006,EEE
15015,CSE
15019,CSE
15024,ECE
15026,CSE
15028,ECE
15042,ECE
15048,ECE
15054,ECE
15058,EEE
15067,EEE
15070,EEE
15088,CSE
15102,EEE
15111,ECE
15113,ECE
15121,ECE
15129,ECE
15138,ECE
15140,ECE
15141,CSE
15142,ECE
15144,ECE
15148,ECE
15152,CSE
15161,ECE
15166,EEE
15172,CSE
15175,ECE
15177,CSE
15179,ECE
15180,EEE
15182,ECE
15184,EEE
15187,EEE
15190,ECE
15200,ECE
15203,ECE
15207,CSE
15213,CSE
15214,ECE
15224,ECE
15227,CSE
15230,ECE
15238,ECE
15241,ECE
15244,ECE
15248,ECE
15251,CSE
15261,ECE
15270,EEE
15271,ECE
15272,EEE
15277,ECE
15288,CSE
15289,ECE
15296,CSE
15298,ECE
15300,EEE
15304,ECE
15305,ECE
15306,EEE
15308,CSE
15309,EEE
15326,ECE
15327,EEE
15329,ECE
15335,CSE
15343,EEE
15347,EEE
15355,ECE
15358,ECE
15367,EEE
15369,EEE
15381,ECE
15384,EEE
15386,CSE
15390,ECE
15391,EEE
15392,ECE
15397,ECE
15404,EEE
15420,ECE
15429,CSE
15430,CSE
15432,ECE
15437,CSE
15438,EEE
15440,EEE
15455,ECE
15456,CSE
15466,ECE
15467,EEE
15472,CSE
15478,ECE
15479,EEE
15480,EEE
15481,CSE
15483,EEE
15485,CSE
15487,EEE
15492,EEE
15495,EEE
15502,ECE
15507,ECE
15508,CSE
15518,ECE
15520,EEE
15522,ECE
15523,ECE
15530,CSE
15534,EEE
15536,CSE
15538,ECE
15539,ECE
15555,ECE
15562,CSE
15565,EEE
15570,ECE
15575,ECE
15577,EEE
15582,ECE
15596,EEE
15597,ECE
15599,ECE
15600,EEE
15603,ECE
15604,EEE
15606,ECE
15607,EEE
15610,EEE
15613,EEE
15614,ECE
15617,ECE
15619,EEE
15629,CSE
15630,ECE
15632,CSE
15639,EEE
15651,ECE
15654,ECE
15655,EEE
15663,ECE
15667,ECE
15668,ECE
15669,ECE
15671,EEE
15672,ECE
15676,CSE
15677,ECE
15682,ECE
15683,EEE
15691,ECE
15702,ECE
15710,ECE
15711,ECE
15712,ECE
15714,EEE
15719,EEE
15721,ECE
15725,CSE
15726,ECE
15729,EEE
15734,ECE
15741,ECE
15745,ECE
15747,EEE
15750,ECE
15775,ECE
15776,ECE
15779,EEE
15784,CSE
15787,EEE
15788,EEE
15798,EEE
15801,EEE
15810,ECE
15817,ECE
15819,EEE
15824,EEE
15828,CSE
15835,ECE
15839,ECE
15841,ECE
15842,CSE
15857,ECE
15858,ECE
15859,ECE
15866,CSE
15872,CSE
15875,CSE
15881,ECE
15884,CSE
15886,ECE
15888,EEE
15893,EEE
15898,EEE
15899,EEE
15907,CSE
15908,ECE
15911,EEE
15913,ECE
15914,CSE
15915,ECE
15916,EEE
15918,EEE
15919,ECE
15920,ECE
15924,ECE
15933,EEE
15937,ECE
15943,CSE
15948,ECE
15949,ECE
15952,ECE
15962,ECE
15971,ECE
15981,EEE
15984,EEE
15985,ECE
15988,CSE
16002,EEE
16004,EEE
16006,CSE
16013,CSE
16014,CSE
16023,ECE
16027,EEE
16029,EEE
16050,CSE
16052,CSE
16056,ECE
16057,ECE
16067,CSE
16074,ECE
16085,EEE
16088,ECE
16105,ECE
16108,ECE
16128,ECE
16130,EEE
16131,ECE
16142,CSE
16146,ECE
16148,ECE
16153,EEE
16155,EEE
16158,EEE
16165,ECE
16174,CSE
16180,CSE
16185,CSE
16206,EEE
16214,ECE
16219,ECE
16229,ECE
16239,CSE
16241,EEE
16249,CSE
16251,ECE
16252,EEE
16254,EEE
16257,EEE
16258,EEE
16259,ECE
16270,EEE
16273,ECE
16277,EEE
16286,EEE
16288,ECE
16289,ECE
16290,ECE
16294,EEE
16296,CSE
16298,EEE
16303,CSE
16304,ECE
16316,ECE
16317,ECE
16318,EEE
16325,ECE
16330,EEE
16333,EEE
16334,CSE
16339,EEE
16348,ECE
16352,CSE
16357,CSE
16361,ECE
16362,ECE
16386,EEE
16391,CSE
16398,ECE
16402,EEE
16409,EEE
16410,EEE
16421,CSE
16432,ECE
16436,ECE
16440,ECE
16441,ECE
16445,EEE
16450,ECE
16460,CSE
16461,ECE
16466,CSE
16499,EEE
16504,CSE
16509,EEE
16513,ECE
16520,ECE
16527,EEE
16529,ECE
16539,EEE
16542,EEE
16545,ECE
16556,CSE
16557,ECE
16561,ECE
16571,ECE
16579,EEE
16582,ECE
16586,ECE
16588,EEE
16591,EEE
16592,ECE
16593,ECE
16605,EEE
16607,CSE
16617,ECE
16637,EEE
16638,EEE
16640,ECE
16645,ECE
16649,ECE
16652,EEE
16660,ECE
16671,CSE
16675,CSE
16676,CSE
16682,EEE
16683,EEE
16684,EEE
16685,ECE
16690,ECE
16695,EEE
16702,ECE
16713,ECE
16717,ECE
16727,EEE
16735,ECE
16740,ECE
16741,ECE
16746,ECE
16748,ECE
16753,EEE
16755,ECE
16757,ECE
16778,CSE
16786,ECE
16790,CSE
16796,CSE
16798,ECE
16799,ECE
16802,ECE
16810,EEE
16822,CSE
16828,EEE
16832,ECE
16840,CSE
16846,ECE
16858,ECE
16859,ECE
16867,EEE
16871,ECE
16882,ECE
16894,ECE
16897,ECE
16900,EEE
16904,EEE
16912,EEE
16914,ECE
16923,CSE
16925,ECE
16928,CSE
16929,ECE
16933,CSE
16942,ECE
16943,ECE
16944,CSE
16954,ECE
16960,ECE
16983,CSE
16985,ECE
16987,CSE
16988,CSE
16989,EEE
16996,EEE
17004,EEE
17008,EEE
17011,EEE
17018,EEE
17019,ECE
17021,EEE
17022,EEE
17026,EEE
17030,EEE
17033,EEE
17034,ECE
17044,ECE
17045,ECE
17047,EEE
17052,ECE
17055,CSE
17058,EEE
17062,EEE
17069,CSE
17072,ECE
17073,EEE
17077,ECE
17085,CSE
17086,ECE
17087,ECE
17091,ECE
17093,EEE
17096,ECE
17106,ECE
17115,ECE
17116,CSE
17118,ECE
17120,CSE
17123,CSE
17126,EEE
17130,ECE
17132,ECE
17146,ECE
17156,ECE
17159,ECE
17163,ECE
17165,CSE
17170,CSE
17175,ECE
17178,ECE
17183,ECE
17185,ECE
17187,ECE
17210,CSE
17218,ECE
17219,EEE
17224,EEE
17225,CSE
17227,EEE
17232,EEE
17249,CSE
17252,CSE
17256,EEE
17260,CSE
17265,ECE
17268,ECE
17272,CSE
17275,EEE
17277,CSE
17286,ECE
17290,ECE
17292,ECE
17293,CSE
17302,ECE
17303,CSE
17304,ECE
17308,CSE
17312,ECE
17313,EEE
17315,ECE
17326,ECE
17335,EEE
17336,EEE
17338,ECE
17340,EEE
17341,EEE
17342,ECE
17349,CSE
17350,ECE
17353,CSE
17355,ECE
17357,ECE
17359,ECE
17360,CSE
17363,CSE
17371,EEE
17379,EEE
17381,EEE
17392,EEE
17399,ECE
17401,CSE
17402,ECE
17404,ECE
17406,ECE
17411,CSE
17417,CSE
17422,EEE
17432,ECE
17434,ECE
17450,CSE
17452,ECE
17457,CSE
17462,ECE
17469,ECE
17473,EEE
17478,ECE
17485,EEE
17497,CSE
17501,CSE
17502,CSE
17503,ECE
17516,EEE
17530,ECE
17531,ECE
17533,EEE
17535,ECE
17536,EEE
17538,ECE
17550,ECE
17551,ECE
17552,ECE
17553,EEE
17554,ECE
17558,CSE
17560,ECE
17564,EEE
17567,ECE
17574,EEE
17579,EEE
17581,ECE
17582,ECE
17594,ECE
17595,CSE
17596,EEE
17598,ECE
17599,ECE
17605,ECE
17612,CSE
17613,ECE
17621,ECE
17623,CSE
17625,EEE
17636,ECE
17651,ECE
17657,EEE
17663,EEE
17672,ECE
17673,ECE
17675,EEE
17681,ECE
17690,CSE
17693,ECE
17696,ECE
17707,EEE
17713,ECE
17717,EEE
17726,CSE
17727,ECE
17730,CSE
17731,CSE
17740,ECE
17742,CSE
17749,ECE
17762,CSE
17763,EEE
17766,ECE
17769,ECE
17781,CSE
17794,EEE
17800,CSE
17801,EEE
17805,ECE
17812,CSE
17813,EEE
17816,CSE
17817,CSE
17820,CSE
17822,ECE
17828,CSE
17830,ECE
17832,EEE
17839,CSE
17840,EEE
17843,ECE
17845,CSE
17846,ECE
17854,EEE
17855,ECE
17856,ECE
17857,ECE
17868,ECE
17876,CSE
17879,EEE
17881,ECE
17883,EEE
17892,ECE
17893,ECE
17897,CSE
17907,CSE
17908,EEE
17911,CSE
17912,ECE
17923,EEE
17924,EEE
17927,EEE
17937,CSE
17939,ECE
17945,CSE
17949,ECE
17957,CSE
17961,ECE
17962,EEE
17965,EEE
17969,ECE
17970,ECE
17977,CSE
17982,CSE
17985,CSE
17986,ECE
17988,ECE
17989,ECE
17990,ECE
17996,ECE
17998,EEE
18000,CSE
18008,CSE
18011,ECE
18013,ECE
18016,ECE
18025,ECE
18030,EEE
18052,ECE
18061,ECE
18067,ECE
18072,ECE
18074,ECE
18076,EEE
18082,EEE
18090,ECE
18096,ECE
18098,ECE
18100,ECE
18101,ECE
18103,ECE
18105,EEE
18108,EEE
18125,CSE
18131,CSE
18132,ECE
18141,ECE
18151,ECE
18158,ECE
18169,EEE
18170,EEE
18176,EEE
18178,CSE
18182,CSE
18195,EEE
18201,EEE
18206,ECE
18208,EEE
18211,ECE
18218,ECE
18222,ECE
18223,EEE
18227,ECE
18229,EEE
18237,ECE
18240,ECE
18249,ECE
18259,CSE
18263,EEE
18271,CSE
18272,ECE
18276,ECE
18279,CSE
18280,EEE
18281,CSE
18288,ECE
18293,ECE
18295,EEE
18298,ECE
18299,ECE
18303,ECE
18305,EEE
18309,ECE
18310,ECE
18316,ECE
18320,ECE
18324,EEE
18334,ECE
18339,EEE
18340,CSE
18349,CSE
18350,CSE
18352,EEE
18355,CSE
18356,CSE
18357,CSE
18365,ECE
18370,CSE
18372,ECE
18374,EEE
18375,ECE
18399,CSE
18401,ECE
18410,EEE
18416,EEE
18425,ECE
18430,ECE
18432,EEE
18442,EEE
18453,CSE
18458,ECE
18459,EEE
18463,ECE
18469,CSE
18477,ECE
18486,EEE
18496,ECE
18499,CSE
18504,CSE
18506,ECE
18519,EEE
18531,EEE
18532,EEE
18539,EEE
18540,ECE
18543,EEE
18549,ECE
18552,EEE
18558,EEE
18559,ECE
18561,ECE
18564,EEE
18574,ECE
18586,EEE
18591,ECE
18593,ECE
18595,CSE
18598,ECE
18605,ECE
18607,CSE
18608,CSE
18613,ECE
18617,ECE
18618,ECE
18625,EEE
18628,EEE
18630,ECE
18632,EEE
18638,EEE
18643,ECE
18652,EEE
18653,ECE
18654,ECE
18655,ECE
18657,EEE
18659,ECE
18665,ECE
18671,EEE
18672,ECE
18674,EEE
18685,EEE
18694,EEE
18699,ECE
18700,ECE
18702,EEE
18704,EEE
18707,ECE
18708,EEE
18709,ECE
18712,EEE
18715,ECE
18717,ECE
18719,ECE
18728,EEE
18733,ECE
18734,EEE
18735,ECE
18736,ECE
18747,EEE
18750,EEE
18770,EEE
18774,EEE
18777,ECE
18787,ECE
18789,EEE
18791,ECE
18795,EEE
18796,ECE
18797,ECE
18799,ECE
18801,CSE
18808,EEE
18814,EEE
18823,EEE
18830,EEE
18842,ECE
18853,CSE
18865,ECE
18869,ECE
18870,EEE
18872,EEE
18879,EEE
18884,ECE
18889,EEE
18893,CSE
18900,ECE
18903,ECE
18905,ECE
18906,CSE
18908,EEE
18912,ECE
18913,CSE
18915,ECE
18918,ECE
18921,ECE
18929,EEE
18930,ECE
18932,CSE
18942,ECE
18955,ECE
18957,ECE
18958,EEE
18960,EEE
18963,ECE
18966,ECE
18983,EEE
18999,ECE
19002,ECE
19013,ECE
19016,EEE
19076,ECE
19077,ECE
19084,ECE
19092,ECE
19105,ECE
19123,EEE
19125,ECE
19128,EEE
19135,ECE
19149,ECE
19157,EEE
19162,ECE
19164,ECE
19167,CSE
19168,ECE
19172,EEE
19180,ECE
19182,EEE
19184,EEE
19187,EEE
19196,EEE
19215,ECE
19217,EEE
19221,ECE
19226,ECE
19233,ECE
19234,EEE
19239,CSE
19240,EEE
19241,EEE
19247,EEE
19268,EEE
19274,ECE
19284,EEE
19285,EEE
19301,EEE
19302,EEE
19303,ECE
19304,ECE
19308,ECE
19318,ECE
19320,ECE
19322,ECE
19330,ECE
19331,ECE
19334,ECE
19338,ECE
19345,ECE
19346,EEE
19347,ECE
19353,ECE
19356,EEE
19364,CSE
19366,CSE
19371,EEE
19374,CSE
19376,ECE
19385,EEE
19395,EEE
19402,CSE
19406,EEE
19411,EEE
19414,EEE
19429,ECE
19432,ECE
19434,ECE
19436,ECE
19439,EEE
19441,ECE
19445,ECE
19454,EEE
19457,ECE
19458,CSE
19469,EEE
19473,ECE
19476,EEE
19477,ECE
19478,CSE
19480,ECE
19484,CSE
19487,EEE
19491,ECE
19497,ECE
19506,ECE
19508,ECE
19510,ECE
19511,EEE
19512,EEE
19518,CSE
19520,CSE
19524,ECE
19530,EEE
19532,ECE
19539,ECE
19542,ECE
19543,EEE
19546,ECE
19553,EEE
19557,EEE
19570,EEE
19575,ECE
19586,ECE
19589,EEE
19606,CSE
19617,ECE
19626,ECE
19635,CSE
19636,ECE
19640,ECE
19646,ECE
19649,ECE
19651,ECE
19653,ECE
19655,ECE
19659,CSE
19662,CSE
19674,CSE
19676,ECE
19693,ECE
19700,EEE
19704,ECE
19708,EEE
19710,ECE
19715,ECE
